<?xml version="1.0" encoding="UTF-8"?>
<composedSprite name="csSliderD" set="spritesA" xHandle="129" yHandle="10">
    <layer name="Layer 1">
        <sprite name="sliderD-spr1" x="128" y="0"/>
        <sprite name="textSprite,11" x="216" y="35"/>
        <sprite name="textSprite,10" x="38" y="35"/>
    </layer>
    <layer name="Layer 2">
        <sprite name="sliderD-spr2" x="128" y="0"/>
        <sprite name="sliderD-spr3" x="129" y="10"/>
    </layer>
    <parameter name="wName" value="widgetName" type="string"/>
    <parameter name="wValue" value="0.5" type="float"/>
    <constantParameter name="widget" value="slider" type="string"/>
    <constantParameter name="wDesign" value="sliderD" type="string"/>
    <constantParameter name="wValueRange" value="0.0, 1.0" type="string"/>
</composedSprite>
