<?xml version="1.0" encoding="UTF-8"?>
<composedSprite name="csButtonC" set="spritesA" xHandle="0" yHandle="0">
    <layer name="Layer 1">
        <sprite name="buttonC-spr1" x="0" y="0"/>
    </layer>
    <layer name="Layer 2">
        <sprite name="buttonC-spr2" x="0" y="0"/>
    </layer>
    <parameter name="wName" value="widgetName" type="string"/>
    <constantParameter name="widget" value="button" type="string"/>
    <constantParameter name="wDesign" value="buttonC" type="string"/>
</composedSprite>
