<?xml version="1.0" encoding="UTF-8"?>
<composedSprite name="csSliderC1" set="spritesA" xHandle="128" yHandle="63">
    <layer name="Layer 1">
        <sprite name="sliderC-spr1" x="128" y="64"/>
    </layer>
    <layer name="buttons, highlight marker">
        <sprite name="sliderC-spr6" x="128" y="63"/>
        <sprite name="sliderC-spr4" x="247" y="64"/>
        <sprite name="sliderC-spr3" x="9" y="64"/>
        <sprite name="sliderC-spr2" x="128" y="64"/>
    </layer>
    <parameter name="wName" value="widgetName" type="string"/>
    <parameter name="wValue" value="10" type="float"/>
    <constantParameter name="widget" value="slider" type="string"/>
    <constantParameter name="wDesign" value="sliderC1" type="string"/>
    <constantParameter name="wValueRange" value="1,20" type="string"/>
    <constantParameter name="wDeltaValue" value="20%" type="string"/>
</composedSprite>
