<?xml version="1.0" encoding="UTF-8"?>
<composedSprite name="csButtonMenu" set="spritesA" xHandle="0" yHandle="0">
    <layer name="Layer 1">
        <sprite name="buttonMenu" x="0" y="0"/>
    </layer>
    <layer name="label">
        <sprite name="textSprite,29" nameID="label" x="0" y="0"/>
    </layer>
    <parameter name="wName" value="widgetName" type="string"/>
    <parameter name="wExclusiveGroup" value="activeMap" type="string"/>
    <constantParameter name="widget" value="button" type="string"/>
    <constantParameter name="wDesign" value="menuButton" type="string"/>
    <constantParameter name="wCheckable" value="1" type="bool"/>
</composedSprite>
