<?xml version="1.0" encoding="UTF-8"?>
<composedSprite name="csButtonRadioBox" set="spritesA" xHandle="0" yHandle="0">
    <layer name="Layer 1">
        <sprite name="textSprite,16" nameID="label" x="40" y="0"/>
        <sprite name="buttonRadioBox-spr1" x="0" y="0"/>
    </layer>
    <layer name="Layer 2">
        <sprite name="buttonRadioBox-spr2" x="0" y="0"/>
    </layer>
    <parameter name="wName" value="widgetName" type="string"/>
    <parameter name="wExclusiveGroup" value="groupName" type="string"/>
    <parameter name="wInitialState" value="normal" type="string"/>
    <constantParameter name="widget" value="button" type="string"/>
    <constantParameter name="wDesign" value="radioButtonBox" type="string"/>
    <constantParameter name="wCheckable" value="1" type="bool"/>
    <constantParameter name="wLabel" value="label" type="string"/>
</composedSprite>
