<?xml version="1.0" encoding="UTF-8"?>
<composedSprite name="csTextBoxSlider" set="spritesA" xHandle="17" yHandle="160">
    <layer name="Layer 1">
        <sprite name="textBoxSlider-spr3" x="17" y="17"/>
        <sprite name="textBoxSlider-spr2" x="17" y="148"/>
        <sprite name="textBoxSlider-spr1" x="17" y="160"/>
        <sprite name="textBoxSlider-spr4" x="17" y="303"/>
    </layer>
    <parameter name="wName" value="widgetName" type="string"/>
    <constantParameter name="wDesign" value="textBoxSlider" type="string"/>
    <constantParameter name="wValueRange" value="0.0, 1.0" type="string"/>
</composedSprite>
