<?xml version="1.0" encoding="UTF-8"?>
<composedSprite name="csButtonA" set="spritesA" xHandle="0" yHandle="0">
    <layer name="body">
        <sprite name="buttonA-spr1" x="0" y="0"/>
    </layer>
    <layer name="label">
        <sprite name="textSprite,0" x="0" y="0"/>
    </layer>
    <layer name="active glow">
        <parameter name="blending" value="LINEAR DODGE" type="values set" valuesSet="ALPHA,MULTIPLY,LINEAR DODGE,SOLID COVER"/>
        <sprite name="buttonA-spr2" x="0" y="0"/>
    </layer>
    <layer name="mouse over blinkers">
        <sprite name="buttonA-spr3" x="0" y="0"/>
    </layer>
    <parameter name="wName" value="widgetName" type="string"/>
    <parameter name="wInitialState" value="checked" type="string"/>
    <constantParameter name="widget" value="button" type="string"/>
    <constantParameter name="wCheckable" value="1" type="bool"/>
    <constantParameter name="wDesign" value="buttonA" type="string"/>
</composedSprite>
