<?xml version="1.0" encoding="UTF-8"?>
<composedSprite name="csIinventorySlider" set="spritesA" xHandle="0" yHandle="0">
    <layer name="Layer 1">
        <sprite name="inventorySlider-spr4" x="431" y="0"/>
        <sprite name="inventorySlider-spr3" x="0" y="0"/>
        <sprite name="inventorySlider-spr1" x="28" y="0"/>
    </layer>
    <layer name="Layer 2">
        <sprite name="inventorySlider-spr2" x="258" y="14"/>
    </layer>
    <parameter name="wName" value="value" type="string"/>
    <parameter name="wValue" value="0.0" type="string"/>
    <constantParameter name="widget" value="slider" type="string"/>
    <constantParameter name="wValueRange" value="0.0, 1.0" type="string"/>
</composedSprite>
