<?xml version="1.0" encoding="UTF-8"?>
<composedSprite name="csEnterTextBox" set="spritesA" xHandle="128" yHandle="64">
    <layer name="Layer 1">
        <sprite name="enterTextBox-spr1" x="128" y="64"/>
    </layer>
    <layer name="text">
        <sprite name="textSprite,26" nameID="cursor" x="97" y="48"/>
        <sprite name="textSprite,25" nameID="text" x="52" y="49"/>
    </layer>
    <parameter name="wName" value="textInputName" type="string"/>
    <constantParameter name="widget" value="textInput" type="string"/>
</composedSprite>
