<?xml version="1.0" encoding="UTF-8"?>
<composedSprite name="csLabelB" set="spritesA" xHandle="1" yHandle="63">
    <layer name="Layer 1">
        <sprite name="sliderB_spr1" x="0" y="64"/>
    </layer>
    <layer name="button">
        <sprite name="sliderB-spr3" x="1" y="63"/>
        <sprite name="sliderB-spr2" x="0" y="64"/>
    </layer>
    <parameter name="wName" value="widgetName" type="string"/>
    <parameter name="wValue" value="10" type="float"/>
    <constantParameter name="widget" value="slider" type="string"/>
    <constantParameter name="wDesign" value="sliderB" type="string"/>
    <constantParameter name="wLabel" value="valueLabel" type="string"/>
    <constantParameter name="wValueRange" value="0, 10, 10" type="string"/>
</composedSprite>
