<?xml version="1.0" encoding="UTF-8"?>
<composedSprite name="csButtonD" set="spritesA" xHandle="0" yHandle="0">
    <layer name="Layer 1">
        <sprite name="buttonD" x="0" y="0"/>
    </layer>
    <layer name="label">
        <sprite name="textSprite,5" nameID="label" x="40" y="0"/>
    </layer>
    <parameter name="wName" value="widgetName" type="string"/>
    <constantParameter name="widget" value="button" type="string"/>
    <constantParameter name="wCheckable" value="1" type="bool"/>
    <constantParameter name="wDesign" value="buttonD" type="string"/>
</composedSprite>
