<?xml version="1.0" encoding="UTF-8"?>
<composedSprite name="csBarA" set="spritesA" xHandle="192" yHandle="64">
    <layer name="Layer 1">
        <sprite name="barA-spr1" x="192" y="64"/>
    </layer>
    <layer name="bar">
        <sprite name="barA-spr2" x="55" y="53"/>
    </layer>
    <layer name="Layer 3">
        <sprite name="barA-spr3" x="192" y="64"/>
        <sprite name="textSprite,12" nameID="valueLabel" x="192" y="98"/>
    </layer>
    <parameter name="wName" value="widgetName" type="string"/>
    <parameter name="wValue" value="50" type="float"/>
    <constantParameter name="widget" value="bar" type="string"/>
    <constantParameter name="wDesign" value="barA" type="string"/>
    <constantParameter name="wValueRange" value="0, 100" type="string"/>
</composedSprite>
