<?xml version="1.0" encoding="UTF-8"?>
<composedSprite name="csButtonCheckBox" set="spritesA" xHandle="-3" yHandle="0">
    <layer name="Layer 1">
        <sprite name="buttonCheckBox-spr1" x="0" y="0"/>
        <sprite name="textSprite,16" nameID="label" x="35" y="0"/>
    </layer>
    <layer name="Layer 2">
        <sprite name="buttonCheckBox-spr2" x="0" y="0"/>
    </layer>
    <parameter name="wName" value="widgetName" type="string"/>
    <constantParameter name="widget" value="button" type="string"/>
    <constantParameter name="wCheckable" value="1" type="bool"/>
    <constantParameter name="wDesign" value="buttonCheckBox" type="string"/>
    <constantParameter name="wLabel" value="label" type="string"/>
</composedSprite>
