<?xml version="1.0" encoding="UTF-8"?>
<composedSprite name="csSliderC2" set="spritesA" xHandle="64" yHandle="63">
    <layer name="Layer 1">
        <sprite name="sliderC-spr5" x="64" y="64"/>
    </layer>
    <layer name="Layer 2">
        <sprite name="sliderC-spr7" x="64" y="63"/>
        <sprite name="textSprite,9" nameID="valueLabel" x="64" y="64"/>
        <sprite name="sliderC-spr4" x="108" y="64"/>
        <sprite name="sliderC-spr3" x="20" y="64"/>
    </layer>
    <parameter name="wName" value="widgetName" type="string"/>
    <parameter name="wTag" value="0" type="int"/>
    <parameter name="wValue" value="5" type="float"/>
    <constantParameter name="widget" value="slider" type="string"/>
    <constantParameter name="wDesign" value="sliderC2" type="string"/>
    <constantParameter name="wValueRange" value="0,10" type="string"/>
    <constantParameter name="wDeltaValue" value="1" type="string"/>
</composedSprite>
