<?xml version="1.0" encoding="UTF-8"?>
<composedSprite name="sliderA" set="spritesA" xHandle="84" yHandle="1">
    <layer name="Layer 1">
        <sprite name="sliderA-spr1" x="50" y="0"/>
    </layer>
    <layer name="button, highlight marker">
        <sprite name="sliderA-spr2" x="0" y="0"/>
        <sprite name="sliderA-spr3" x="82" y="2"/>
    </layer>
    <layer name="label">
        <sprite name="textSprite,1" nameID="valueLabel" x="205" y="0"/>
    </layer>
    <parameter name="wName" value="widgetName" type="string"/>
    <constantParameter name="widget" value="slider" type="string"/>
    <constantParameter name="wDesign" value="sliderA" type="string"/>
    <constantParameter name="wValueRange" value="0.0, 100.0" type="string"/>
</composedSprite>
