<?xml version="1.0" encoding="UTF-8"?>
<commonData>
    <fontStyles>
        <fontStyle id="0" name="OpenSans-14" font="Open Sans" size="14"/>
        <fontStyle id="1" name="OpenSans-16" font="Open Sans" size="16"/>
        <fontStyle id="2" name="OpenSans-16-italic" font="Open Sans" size="16" italic="1"/>
        <fontStyle id="3" name="OpenSans-16-bold" font="Open Sans" size="16" bold="1"/>
        <fontStyle id="4" name="OpenSans-18-bold" font="Open Sans" size="18" bold="1"/>
        <fontStyle id="5" name="OpenSans-24-bold" font="Open Sans" size="24" bold="1"/>
    </fontStyles>
    <colorStyles>
        <colorStyle id="0" color="CCCCCC"/>
        <colorStyle id="1" color="B187B9"/>
        <colorStyle id="2" color="77A5D9"/>
        <colorStyle id="3" color="B6D456"/>
        <colorStyle id="4" color="4E3752"/>
        <colorStyle id="5" color="8F3838"/>
    </colorStyles>
</commonData>
