<?xml version="1.0" encoding="UTF-8"?>
<sourceGraphicSet name="labels">
    <images/>
    <textSprites>
        <textSprite name="textSprite,0" string="OPTIONS" fontStyle="OpenSans-18-bold" colorStyle="77A5D9" handle="center"/>
        <textSprite name="textSprite,1" string="25" fontStyle="OpenSans-16-bold" colorStyle="77A5D9" handle="left">
            <constantParameter name="wLabel" value="1, %" type="string"/>
        </textSprite>
        <textSprite name="textSprite,2" string="Buttons" fontStyle="OpenSans-16-italic" colorStyle="B187B9" handle="left-top"/>
        <textSprite name="textSprite,3" string="Sliders" fontStyle="OpenSans-16-italic" colorStyle="B187B9" handle="left-top"/>
        <textSprite name="textSprite,4" string="Bars" fontStyle="OpenSans-16-italic" colorStyle="B187B9" handle="left-top"/>
        <textSprite name="textSprite,5" string="Text label" fontStyle="OpenSans-14" handle="center"/>
        <textSprite name="textSprite,6" string="Text button 1" fontStyle="OpenSans-18-bold" colorStyle="77A5D9" handle="center">
            <parameter name="wName" value="textButton" type="string"/>
            <parameter name="wTag" value="5" type="int"/>
            <constantParameter name="widget" value="button" type="string"/>
            <constantParameter name="wLabelColor" value="77A5D9" type="string"/>
            <constantParameter name="wLabelColor_CO" value="D6E4F4" type="string"/>
            <constantParameter name="wLabelColor_CD" value="FFFFFF" type="string"/>
        </textSprite>
        <textSprite name="textSprite,7" string="Interacted widget:" fontStyle="OpenSans-16-italic" colorStyle="B187B9" handle="left-top"/>
        <textSprite name="textSprite,8" string="Info Text" fontStyle="OpenSans-16" colorStyle="CCCCCC" handle="left-top">
            <parameter name="id" value="interactedWidgetInfo" type="string"/>
        </textSprite>
        <textSprite name="textSprite,9" string="10" fontStyle="OpenSans-24-bold" colorStyle="B6D456" handle="center">
            <constantParameter name="wLabel" value="0" type="string"/>
        </textSprite>
        <textSprite name="textSprite,10" string="MIN" fontStyle="OpenSans-16-bold" colorStyle="B187B9" handle="center"/>
        <textSprite name="textSprite,11" string="MAX" fontStyle="OpenSans-16-bold" colorStyle="B187B9" handle="center"/>
        <textSprite name="textSprite,12" string="50" fontStyle="OpenSans-16-bold" colorStyle="B187B9" handle="center">
            <constantParameter name="wLabel" value="0,%" type="string"/>
        </textSprite>
        <textSprite name="textSprite,13" string="COMMON WIDGETS" fontStyle="OpenSans-16-bold" colorStyle="4E3752" handle="center"/>
        <textSprite name="textSprite,14" string="TEXT WIDGETS" fontStyle="OpenSans-16-bold" colorStyle="4E3752" handle="center"/>
        <textSprite name="textSprite,15" string="COMPOSED DESIGNS" fontStyle="OpenSans-16-bold" colorStyle="4E3752" handle="center"/>
        <textSprite name="textSprite,16" string="Sprite cursor" fontStyle="OpenSans-16" colorStyle="B187B9" handle="left"/>
        <textSprite name="textSprite,17" string="Justify rows" fontStyle="OpenSans-16" colorStyle="B187B9" handle="left"/>
        <textSprite name="textSprite,18" string="Drawing delay:" fontStyle="OpenSans-16" colorStyle="B187B9" handle="left"/>
        <textSprite name="textSprite,19" string="No delay" fontStyle="OpenSans-16" colorStyle="B187B9" handle="left"/>
        <textSprite name="textSprite,20" string="By rows" fontStyle="OpenSans-16" colorStyle="B187B9" handle="left"/>
        <textSprite name="textSprite,21" string="By words" fontStyle="OpenSans-16" colorStyle="B187B9" handle="left"/>
        <textSprite name="textSprite,22" string="By characters" fontStyle="OpenSans-16" colorStyle="B187B9" handle="left"/>
        <textSprite name="textSprite,23" string="Text field" fontStyle="OpenSans-16-italic" colorStyle="B187B9" handle="left-top"/>
        <textSprite name="textSprite,24" string="Text input" fontStyle="OpenSans-16-italic" colorStyle="B187B9" handle="left-top"/>
        <textSprite name="textSprite,25" string="text" fontStyle="OpenSans-16" colorStyle="CCCCCC" handle="left-top">
            <constantParameter name="wText" value="1" type="bool"/>
            <constantParameter name="wTextColor" value="CCCCCC, FF6464" type="string"/>
        </textSprite>
        <textSprite name="textSprite,26" string="_" fontStyle="OpenSans-16" colorStyle="CCCCCC" handle="left-top">
            <constantParameter name="wCursor" value="1" type="bool"/>
        </textSprite>
        <textSprite name="textSprite,27" string="Inventory" fontStyle="OpenSans-16-italic" colorStyle="B187B9" handle="left-top"/>
        <textSprite name="textSprite,28" string="Dialog box" fontStyle="OpenSans-16-italic" colorStyle="B187B9" handle="left-top"/>
        <textSprite name="textSprite,29" string="MENU BUTTON" fontStyle="OpenSans-16-bold" colorStyle="4E3752" handle="center">
            <constantParameter name="wLabel" value="1" type="bool"/>
            <constantParameter name="wLabelColor" value="4E3752" type="string"/>
            <constantParameter name="wLabelColor_checked" value="852E84" type="string"/>
        </textSprite>
        <textSprite name="textSprite,30" string="Character name" fontStyle="OpenSans-16" colorStyle="8F3838" handle="left"/>
    </textSprites>
    <sprites/>
</sourceGraphicSet>
