<?xml version="1.0" encoding="UTF-8"?>
<sourceGraphicSet name="spritesB">
    <images>
        <spriteSheetImage file="media/graphics/spritesB.png"/>
    </images>
    <textSprites/>
    <sprites>
        <sprite name="head_Conan" imageName="head_Conan" imageFile="media/graphics/spritesB.png">
            <constantParameter name="character" value="Conan" type="string"/>
        </sprite>
        <sprite name="head_Yasmina" imageName="head_Yasmina" imageFile="media/graphics/spritesB.png">
            <constantParameter name="character" value="Yasmina" type="string"/>
        </sprite>
        <sprite name="item_bag" imageName="item_bag" imageFile="media/graphics/spritesB.png">
            <constantParameter name="item" value="bag" type="string"/>
            <constantParameter name="amount" value="1" type="int"/>
        </sprite>
        <sprite name="item_blackPotion" imageName="item_blackPotion" imageFile="media/graphics/spritesB.png">
            <constantParameter name="item" value="black potion" type="string"/>
            <constantParameter name="amount" value="2" type="int"/>
        </sprite>
        <sprite name="item_bracelet" imageName="item_bracelet" imageFile="media/graphics/spritesB.png">
            <constantParameter name="item" value="bracelet" type="string"/>
            <constantParameter name="amount" value="1" type="int"/>
        </sprite>
        <sprite name="item_crystalCyan" imageName="item_crystalCyan" imageFile="media/graphics/spritesB.png">
            <constantParameter name="item" value="cyan crystal" type="string"/>
            <constantParameter name="amount" value="4" type="int"/>
        </sprite>
        <sprite name="item_crystalViolet" imageName="item_crystalViolet" imageFile="media/graphics/spritesB.png">
            <constantParameter name="item" value="violet crystal" type="string"/>
            <constantParameter name="amount" value="1" type="int"/>
        </sprite>
        <sprite name="item_greenPotion" imageName="item_greenPotion" imageFile="media/graphics/spritesB.png">
            <constantParameter name="item" value="green potion" type="string"/>
            <constantParameter name="amount" value="2" type="int"/>
        </sprite>
        <sprite name="item_helmet" imageName="item_helmet" imageFile="media/graphics/spritesB.png">
            <constantParameter name="item" value="helmet" type="string"/>
            <constantParameter name="amount" value="1" type="int"/>
        </sprite>
        <sprite name="item_knife" imageName="item_knife" imageFile="media/graphics/spritesB.png">
            <constantParameter name="item" value="dagger" type="string"/>
            <constantParameter name="amount" value="4" type="int"/>
        </sprite>
        <sprite name="item_necklace" imageName="item_necklace" imageFile="media/graphics/spritesB.png">
            <constantParameter name="item" value="necklace" type="string"/>
            <constantParameter name="amount" value="2" type="int"/>
        </sprite>
        <sprite name="item_redPotion" imageName="item_redPotion" imageFile="media/graphics/spritesB.png">
            <constantParameter name="item" value="red potion" type="string"/>
            <constantParameter name="amount" value="12" type="int"/>
        </sprite>
        <sprite name="item_ringBlue" imageName="item_ringBlue" imageFile="media/graphics/spritesB.png">
            <constantParameter name="item" value="blue ring" type="string"/>
            <constantParameter name="amount" value="1" type="int"/>
        </sprite>
        <sprite name="item_ringPlain" imageName="item_ringPlain" imageFile="media/graphics/spritesB.png">
            <constantParameter name="item" value="plain ring" type="string"/>
            <constantParameter name="amount" value="3" type="int"/>
        </sprite>
        <sprite name="item_ringRed" imageName="item_ringRed" imageFile="media/graphics/spritesB.png">
            <constantParameter name="item" value="red ring" type="string"/>
            <constantParameter name="amount" value="1" type="int"/>
        </sprite>
        <sprite name="item_scroll" imageName="item_scroll" imageFile="media/graphics/spritesB.png">
            <constantParameter name="item" value="scroll" type="string"/>
            <constantParameter name="amount" value="9" type="int"/>
        </sprite>
        <sprite name="item_shurikan" imageName="item_shurikan" imageFile="media/graphics/spritesB.png">
            <constantParameter name="item" value="shurikan" type="string"/>
            <constantParameter name="amount" value="16" type="int"/>
        </sprite>
        <sprite name="item_sword" imageName="item_sword" imageFile="media/graphics/spritesB.png">
            <constantParameter name="item" value="sword" type="string"/>
            <constantParameter name="amount" value="1" type="int"/>
        </sprite>
        <sprite name="item_vase" imageName="item_vase" imageFile="media/graphics/spritesB.png">
            <constantParameter name="item" value="vase" type="string"/>
            <constantParameter name="amount" value="1" type="int"/>
        </sprite>
    </sprites>
</sourceGraphicSet>
