<?xml version="1.0" encoding="UTF-8"?>
<sourceGraphicSet name="spritesA">
    <images>
        <spriteSheetImage file="media/graphics/spritesA.png"/>
    </images>
    <textSprites/>
    <sprites>
        <sprite name="barB">
            <image name="barB-jfr1" file="media/graphics/spritesA.png"/>
            <image name="barB-jfr2" file="media/graphics/spritesA.png"/>
            <image name="barB-jfr3" file="media/graphics/spritesA.png"/>
            <image name="barB-jfr4" file="media/graphics/spritesA.png"/>
            <image name="barB-jfr5" file="media/graphics/spritesA.png"/>
            <image name="barB-jfr6" file="media/graphics/spritesA.png"/>
            <image name="barB-jfr7" file="media/graphics/spritesA.png"/>
            <image name="barB-jfr8" file="media/graphics/spritesA.png"/>
            <image name="barB-jfr9" file="media/graphics/spritesA.png"/>
            <image name="barB-jfr10" file="media/graphics/spritesA.png"/>
            <image name="barB-jfr11" file="media/graphics/spritesA.png"/>
            <image name="barB-jfr12" file="media/graphics/spritesA.png" marker="1"/>
            <image name="barB-jfr13" file="media/graphics/spritesA.png"/>
            <image name="barB-jfr14" file="media/graphics/spritesA.png"/>
            <image name="barB-jfr15" file="media/graphics/spritesA.png"/>
            <image name="barB-jfr16" file="media/graphics/spritesA.png"/>
            <image name="barB-jfr17" file="media/graphics/spritesA.png"/>
            <parameter name="wName" value="widgetName" type="string"/>
            <constantParameter name="widget" value="bar" type="string"/>
            <constantParameter name="wDesign" value="barB" type="string"/>
            <constantParameter name="wFrame" value="1" type="bool"/>
            <constantParameter name="wValueRange" value="0,20" type="string"/>
        </sprite>
        <sprite name="barA-spr1" imageName="barA-spr1" imageFile="media/graphics/spritesA.png"/>
        <sprite name="barA-spr2" imageName="barA-spr2" imageFile="media/graphics/spritesA.png">
            <constantParameter name="wScale" value="x, FF0000, 0.0, E4E63F, 0.5" type="string"/>
        </sprite>
        <sprite name="barA-spr3" imageName="barA-spr3" imageFile="media/graphics/spritesA.png"/>
        <sprite name="barC">
            <image name="barC-jfr1" file="media/graphics/spritesA.png"/>
            <image name="barC-jfr2" file="media/graphics/spritesA.png"/>
            <image name="barC-jfr3" file="media/graphics/spritesA.png"/>
            <image name="barC-jfr4" file="media/graphics/spritesA.png"/>
            <image name="barC-jfr5" file="media/graphics/spritesA.png"/>
            <image name="barC-jfr6" file="media/graphics/spritesA.png"/>
            <image name="barC-jfr7" file="media/graphics/spritesA.png"/>
            <image name="barC-jfr8" file="media/graphics/spritesA.png"/>
            <image name="barC-jfr9" file="media/graphics/spritesA.png"/>
            <image name="barC-jfr10" file="media/graphics/spritesA.png"/>
            <image name="barC-jfr11" file="media/graphics/spritesA.png"/>
            <image name="barC-jfr12" file="media/graphics/spritesA.png"/>
            <image name="barC-jfr13" file="media/graphics/spritesA.png"/>
            <image name="barC-jfr14" file="media/graphics/spritesA.png"/>
            <image name="barC-jfr15" file="media/graphics/spritesA.png"/>
            <image name="barC-jfr16" file="media/graphics/spritesA.png"/>
            <image name="barC-jfr17" file="media/graphics/spritesA.png"/>
            <image name="barC-jfr18" file="media/graphics/spritesA.png" marker="1"/>
            <image name="barC-jfr19" file="media/graphics/spritesA.png"/>
            <image name="barC-jfr20" file="media/graphics/spritesA.png"/>
            <parameter name="wName" value="widgetName" type="string"/>
            <constantParameter name="widget" value="bar" type="string"/>
            <constantParameter name="wDesign" value="barC" type="string"/>
            <constantParameter name="wFrame" value="1" type="bool"/>
            <constantParameter name="wValueRange" value="0,30" type="string"/>
        </sprite>
        <sprite name="buttonA-spr1" imageName="buttonA-spr1" imageFile="media/graphics/spritesA.png"/>
        <sprite name="buttonA-spr2" imageName="buttonA-spr2" imageFile="media/graphics/spritesA.png">
            <constantParameter name="wAlpha_CO" value="0.6" type="string"/>
            <constantParameter name="wAlpha_checked" value="1.0" type="string"/>
            <constantParameter name="wAlpha" value="0.0" type="string"/>
            <constantParameter name="wAlpha_transitionDur" value="1.0, 0.25" type="string"/>
        </sprite>
        <sprite name="buttonA-spr3" imageName="buttonA-spr3" imageFile="media/graphics/spritesA.png">
            <constantParameter name="wAlpha" value="0.0" type="string"/>
            <constantParameter name="wAlpha_CO" value="1.0, 0.0, 1.0, 0.4, reverse" type="string"/>
            <constantParameter name="wAlpha_transitionDur" value="1.0, 0.25" type="string"/>
            <constantParameter name="wAlpha_checkedCO" value="1.0, 0.0, 1.0, 0.4, reverse" type="string"/>
        </sprite>
        <sprite name="buttonB" imageName="buttonB" imageFile="media/graphics/spritesA.png">
            <parameter name="wName" value="widgetName" type="string"/>
            <constantParameter name="widget" value="button" type="string"/>
            <constantParameter name="wDesign" value="buttonB" type="string"/>
            <constantParameter name="wScale" value="0.8" type="string"/>
            <constantParameter name="wScale_CO" value="1.0" type="string"/>
            <constantParameter name="wScale_transitionDur" value="0.2, 0.2" type="string"/>
        </sprite>
        <sprite name="buttonC-spr1" imageName="buttonC-spr1" imageFile="media/graphics/spritesA.png">
            <constantParameter name="wRotation" value="0.0, 0.0, 360.0, 8.0, restart" type="string"/>
            <constantParameter name="wRotation_CO" value="0.0, 0.0, 360.0, 2.0, restart" type="string"/>
            <constantParameter name="wRotation_checked" value="0.0, 0.0, 360.0, 8.0" type="string"/>
            <constantParameter name="wRotation_checkedCO" value="0.0, 0.0, 360.0, 3.0" type="string"/>
        </sprite>
        <sprite name="buttonC-spr2">
            <image name="buttonC-spr2-jfr1" file="media/graphics/spritesA.png" marker="1"/>
            <image name="buttonC-spr2-jfr2" file="media/graphics/spritesA.png"/>
            <constantParameter name="wFrame" value="0" type="int"/>
            <constantParameter name="wFrame_CD" value="1" type="int"/>
        </sprite>
        <sprite name="buttonMenu">
            <image name="buttonMenu-spr1-jfr1" file="media/graphics/spritesA.png" marker="1"/>
            <image name="buttonMenu-spr1-jfr2" file="media/graphics/spritesA.png"/>
            <constantParameter name="wFrame" value="0" type="int"/>
            <constantParameter name="wFrame_checked" value="1" type="int"/>
            <constantParameter name="wColorOverlay" value="000000" type="string" active="0"/>
            <constantParameter name="wColorOverlay_blend" value="linDodge" type="string" active="0"/>
            <constantParameter name="wColorOverlay_checked" value="333333" type="string" active="0"/>
            <constantParameter name="wColorOverlay_CO" value="262626" type="string" active="0"/>
            <constantParameter name="wFrame_CO" value="1" type="int"/>
        </sprite>
        <sprite name="sliderA-spr1" imageName="sliderA-spr1" imageFile="media/graphics/spritesA.png">
            <constantParameter name="wSlidingScale" value="1" type="bool"/>
        </sprite>
        <sprite name="sliderC-spr1" imageName="sliderC-spr1" imageFile="media/graphics/spritesA.png">
            <constantParameter name="wSlidingScale" value="1" type="bool"/>
        </sprite>
        <sprite name="sliderA-spr2" imageName="sliderA-spr2" imageFile="media/graphics/spritesA.png">
            <constantParameter name="wSlidingButton" value="1" type="bool"/>
        </sprite>
        <sprite name="sliderB_spr1" imageName="sliderB-spr1" imageFile="media/graphics/spritesA.png">
            <constantParameter name="wSlidingScale" value="1" type="bool"/>
        </sprite>
        <sprite name="sliderB-spr2">
            <image name="sliderB-spr2-jfr1" file="media/graphics/spritesA.png" marker="1"/>
            <image name="sliderB-spr2-jfr2" file="media/graphics/spritesA.png"/>
            <constantParameter name="wSlidingButton" value="1" type="bool"/>
            <constantParameter name="wFrame" value="0" type="int"/>
            <constantParameter name="wFrame_CO" value="1" type="int"/>
        </sprite>
        <sprite name="sliderD-spr1" imageName="sliderD-spr1" imageFile="media/graphics/spritesA.png">
            <constantParameter name="wSlidingScale" value="1" type="bool"/>
        </sprite>
        <sprite name="sliderC-spr5" imageName="sliderC-spr5" imageFile="media/graphics/spritesA.png"/>
        <sprite name="sliderD-spr2" imageName="sliderD-spr2" imageFile="media/graphics/spritesA.png">
            <constantParameter name="wSlidingButton" value="1" type="bool"/>
        </sprite>
        <sprite name="sliderC-spr2">
            <image name="sliderC-spr2-jfr1" file="media/graphics/spritesA.png" marker="1"/>
            <image name="sliderC-spr2-jfr2" file="media/graphics/spritesA.png"/>
            <constantParameter name="wSlidingButton" value="1" type="bool"/>
            <constantParameter name="wFrame" value="0" type="int"/>
            <constantParameter name="wFrame_CO" value="1" type="int"/>
        </sprite>
        <sprite name="sliderC-spr3">
            <image name="sliderC-spr3-jfr1" file="media/graphics/spritesA.png" marker="1"/>
            <image name="sliderC-spr3-jfr2" file="media/graphics/spritesA.png"/>
            <image name="sliderC-spr3-jfr3" file="media/graphics/spritesA.png"/>
            <constantParameter name="wDecrementButton" value="1" type="bool"/>
            <constantParameter name="wFrame" value="0" type="int"/>
            <constantParameter name="wFrame_CO" value="1" type="int"/>
            <constantParameter name="wFrame_disabled" value="2" type="int"/>
        </sprite>
        <sprite name="sliderC-spr4">
            <image name="sliderC-spr4-jfr1" file="media/graphics/spritesA.png" marker="1"/>
            <image name="sliderC-spr4-jfr2" file="media/graphics/spritesA.png"/>
            <image name="sliderC-spr4-jfr3" file="media/graphics/spritesA.png"/>
            <constantParameter name="wIncrementButton" value="1" type="bool"/>
            <constantParameter name="wFrame" value="0" type="int"/>
            <constantParameter name="wFrame_CO" value="1" type="int"/>
            <constantParameter name="wFrame_disabled" value="2" type="int"/>
        </sprite>
        <sprite name="sliderC-spr6" imageName="sliderC-spr6" imageFile="media/graphics/spritesA.png">
            <constantParameter name="wHighlightMarker" value="1" type="bool"/>
        </sprite>
        <sprite name="sliderC-spr7" imageName="sliderC-spr7" imageFile="media/graphics/spritesA.png">
            <constantParameter name="wHighlightMarker" value="1" type="bool"/>
        </sprite>
        <sprite name="sliderA-spr3" imageName="sliderA-spr3" imageFile="media/graphics/spritesA.png">
            <constantParameter name="wHighlightMarker" value="1" type="bool"/>
        </sprite>
        <sprite name="sliderB-spr3" imageName="sliderB-spr3" imageFile="media/graphics/spritesA.png">
            <constantParameter name="wHighlightMarker" value="1" type="bool"/>
        </sprite>
        <sprite name="sliderD-spr3" imageName="sliderD-spr3" imageFile="media/graphics/spritesA.png">
            <constantParameter name="wHighlightMarker" value="1" type="bool"/>
        </sprite>
        <sprite name="buttonCheckBox-spr1">
            <image name="buttonCheckBox-spr1-jfr1" file="media/graphics/spritesA.png" marker="1"/>
            <image name="buttonCheckBox-spr1-jfr2" file="media/graphics/spritesA.png"/>
            <constantParameter name="wFrame" value="0" type="int"/>
            <constantParameter name="wFrame_checked" value="1" type="int"/>
        </sprite>
        <sprite name="title" imageName="title" imageFile="media/graphics/spritesA.png"/>
        <sprite name="header_background" imageName="header_background" imageFile="media/graphics/spritesA.png"/>
        <sprite name="buttonCheckBox-spr2" imageName="buttonCheckBox-spr2" imageFile="media/graphics/spritesA.png">
            <constantParameter name="wHighlightMarker" value="1" type="bool"/>
        </sprite>
        <sprite name="cursor" imageName="cursor" imageFile="media/graphics/spritesA.png"/>
        <sprite name="buttonRadioBox-spr1">
            <image name="buttonRadioBox-spr1-jfr1" file="media/graphics/spritesA.png" marker="1"/>
            <image name="buttonRadioBox-spr1-jfr2" file="media/graphics/spritesA.png"/>
            <constantParameter name="wFrame" value="0" type="int"/>
            <constantParameter name="wFrame_checked" value="1" type="int"/>
        </sprite>
        <sprite name="textBoxSlider-spr2">
            <image name="textBoxSlider-spr2-jfr1" file="media/graphics/spritesA.png" marker="1"/>
            <image name="textBoxSlider-spr2-jfr2" file="media/graphics/spritesA.png"/>
            <constantParameter name="wFrame" value="0" type="int"/>
            <constantParameter name="wFrame_CO" value="1" type="int"/>
            <constantParameter name="wSlidingButton" value="1" type="bool"/>
        </sprite>
        <sprite name="textBoxSlider-spr3">
            <image name="textBoxSlider-spr3-jfr1" file="media/graphics/spritesA.png" marker="1"/>
            <image name="textBoxSlider-spr3-jfr2" file="media/graphics/spritesA.png"/>
            <constantParameter name="wFrame" value="0" type="int"/>
            <constantParameter name="wFrame_CO" value="1" type="int"/>
            <constantParameter name="wDecrementButton" value="1" type="bool"/>
        </sprite>
        <sprite name="textBoxSlider-spr4">
            <image name="textBoxSlider-spr4-jfr1" file="media/graphics/spritesA.png" marker="1"/>
            <image name="textBoxSlider-spr4-jfr2" file="media/graphics/spritesA.png"/>
            <constantParameter name="wFrame" value="0" type="int"/>
            <constantParameter name="wFrame_CO" value="1" type="int"/>
            <constantParameter name="wIncrementButton" value="1" type="bool"/>
        </sprite>
        <sprite name="textBoxSlider-spr1" imageName="textBoxSlider-spr1" imageFile="media/graphics/spritesA.png">
            <constantParameter name="wSlidingScale" value="1" type="bool"/>
        </sprite>
        <sprite name="buttonRadioBox-spr2" imageName="buttonRadioBox-spr2" imageFile="media/graphics/spritesA.png">
            <constantParameter name="wHighlightMarker" value="1" type="bool"/>
        </sprite>
        <sprite name="enterTextBox-spr1">
            <image name="enterTextBox-spr1-jfr1" file="media/graphics/spritesA.png" marker="1"/>
            <image name="enterTextBox-spr1-jfr2" file="media/graphics/spritesA.png"/>
            <constantParameter name="wTextInputBox" value="1" type="bool"/>
        </sprite>
        <sprite name="textBox_background" imageName="textBox_background" imageFile="media/graphics/spritesA.png"/>
        <sprite name="inventoryBox-spr1" imageName="inventoryBox-spr1" imageFile="media/graphics/spritesA.png"/>
        <sprite name="inventorySlider-spr1" imageName="inventorySlider-spr1" imageFile="media/graphics/spritesA.png">
            <constantParameter name="wSlidingScale" value="1" type="bool"/>
        </sprite>
        <sprite name="inventorySlider-spr2">
            <image name="inventorySlider-spr2-jfr1" file="media/graphics/spritesA.png" marker="1"/>
            <image name="inventorySlider-spr2-jfr2" file="media/graphics/spritesA.png"/>
            <constantParameter name="wSlidingButton" value="1" type="bool"/>
            <constantParameter name="wFrame" value="0" type="int"/>
            <constantParameter name="wFrame_CO" value="1" type="int"/>
        </sprite>
        <sprite name="inventorySlider-spr3">
            <image name="inventorySlider-spr3-jfr1" file="media/graphics/spritesA.png" marker="1"/>
            <image name="inventorySlider-spr3-jfr2" file="media/graphics/spritesA.png"/>
            <image name="inventorySlider-spr3-jfr3" file="media/graphics/spritesA.png"/>
            <constantParameter name="wDecrementButton" value="1" type="bool"/>
            <constantParameter name="wFrame" value="0" type="int"/>
            <constantParameter name="wFrame_CO" value="1" type="int"/>
            <constantParameter name="wFrame_disabled" value="2" type="int"/>
        </sprite>
        <sprite name="inventorySlider-spr4">
            <image name="inventorySlider-spr4-jfr1" file="media/graphics/spritesA.png" marker="1"/>
            <image name="inventorySlider-spr4-jfr2" file="media/graphics/spritesA.png"/>
            <image name="inventorySlider-spr4-jfr3" file="media/graphics/spritesA.png"/>
            <constantParameter name="wIncrementButton" value="1" type="bool"/>
            <constantParameter name="wFrame" value="0" type="int"/>
            <constantParameter name="wFrame_CO" value="1" type="int"/>
            <constantParameter name="wFrame_disabled" value="2" type="int"/>
        </sprite>
        <sprite name="inventorySlot-spr1">
            <image name="inventorySlot-spr1-jfr1" file="media/graphics/spritesA.png" marker="1"/>
            <image name="inventorySlot-spr1-jfr2" file="media/graphics/spritesA.png"/>
            <image name="inventorySlot-spr1-jfr3" file="media/graphics/spritesA.png"/>
            <parameter name="wTag" value="0" type="int"/>
            <constantParameter name="widget" value="button" type="string"/>
            <constantParameter name="wFrame" value="0" type="int"/>
            <constantParameter name="wFrame_CO" value="1" type="int"/>
            <constantParameter name="wFrame_checked" value="2" type="int"/>
            <constantParameter name="wCheckable" value="1" type="bool"/>
            <constantParameter name="wDesign" value="inventorySlot" type="string"/>
        </sprite>
        <sprite name="dialogBox_buttonDown">
            <image name="dialogBox_buttonDown-jfr1" file="media/graphics/spritesA.png" marker="1"/>
            <image name="dialogBox_buttonDown-jfr2" file="media/graphics/spritesA.png"/>
            <image name="dialogBox_buttonDown-jfr3" file="media/graphics/spritesA.png"/>
            <parameter name="wName" value="dialogBox_buttonDown" type="string"/>
            <constantParameter name="widget" value="button" type="string"/>
            <constantParameter name="wFrame" value="0" type="int"/>
            <constantParameter name="wFrame_CO" value="1" type="int"/>
            <constantParameter name="wFrame_disabled" value="2" type="int"/>
        </sprite>
        <sprite name="dialogBox_buttonUp">
            <image name="dialogBox_buttonUp-jfr1" file="media/graphics/spritesA.png" marker="1"/>
            <image name="dialogBox_buttonUp-jfr2" file="media/graphics/spritesA.png"/>
            <image name="dialogBox_buttonUp-jfr3" file="media/graphics/spritesA.png"/>
            <parameter name="wName" value="dialogBox_buttonUp" type="string"/>
            <constantParameter name="widget" value="button" type="string"/>
            <constantParameter name="wFrame" value="0" type="int"/>
            <constantParameter name="wFrame_CO" value="1" type="int"/>
            <constantParameter name="wFrame_disabled" value="2" type="int"/>
        </sprite>
    </sprites>
</sourceGraphicSet>
