<?xml version="1.0" encoding="UTF-8"?>
<sourceGraphicSet name="tilesA">
    <images>
        <tileSheetImage file="media/graphics/background_tilesA.png"/>
    </images>
    <textSprites/>
    <sprites>
        <sprite name="background_tilesA,0" imageName="0" imageFile="media/graphics/background_tilesA.png"/>
        <sprite name="background_tilesA,1" imageName="1" imageFile="media/graphics/background_tilesA.png"/>
        <sprite name="background_tilesA,2" imageName="2" imageFile="media/graphics/background_tilesA.png"/>
		<sprite name="background_tilesA,3" imageName="3" imageFile="media/graphics/background_tilesA.png"/>
        <sprite name="background_tilesA,4" imageName="4" imageFile="media/graphics/background_tilesA.png"/>
        <sprite name="background_tilesA,5" imageName="5" imageFile="media/graphics/background_tilesA.png"/>
        <sprite name="background_tilesA,6" imageName="6" imageFile="media/graphics/background_tilesA.png"/>
		<sprite name="background_tilesA,7" imageName="7" imageFile="media/graphics/background_tilesA.png"/>
        <sprite name="background_tilesA,8" imageName="8" imageFile="media/graphics/background_tilesA.png"/>
        <sprite name="background_tilesA,9" imageName="9" imageFile="media/graphics/background_tilesA.png"/>
        <sprite name="background_tilesA,10" imageName="10" imageFile="media/graphics/background_tilesA.png"/>
		<sprite name="background_tilesA,11" imageName="11" imageFile="media/graphics/background_tilesA.png"/>
        <sprite name="background_tilesA,12" imageName="12" imageFile="media/graphics/background_tilesA.png"/>
        <sprite name="background_tilesA,13" imageName="13" imageFile="media/graphics/background_tilesA.png"/>
        <sprite name="background_tilesA,14" imageName="14" imageFile="media/graphics/background_tilesA.png"/>
		<sprite name="background_tilesA,15" imageName="15" imageFile="media/graphics/background_tilesA.png"/>
        <sprite name="background_tilesA,16" imageName="16" imageFile="media/graphics/background_tilesA.png"/>
        <sprite name="background_tilesA,17" imageName="17" imageFile="media/graphics/background_tilesA.png"/>
        <sprite name="background_tilesA,18" imageName="18" imageFile="media/graphics/background_tilesA.png"/>
		<sprite name="background_tilesA,19" imageName="19" imageFile="media/graphics/background_tilesA.png"/>
        <sprite name="background_tilesA,20" imageName="20" imageFile="media/graphics/background_tilesA.png"/>
        <sprite name="background_tilesA,21" imageName="21" imageFile="media/graphics/background_tilesA.png"/>
        <sprite name="background_tilesA,22" imageName="22" imageFile="media/graphics/background_tilesA.png"/>
        <sprite name="background_tilesA,23" imageName="23" imageFile="media/graphics/background_tilesA.png"/>
    </sprites>
</sourceGraphicSet>
