<?xml version="1.0" encoding="UTF-8"?>
<spriteSheetImage>
    <subimage name="textBox_background" x="1" y="1" width="896" height="202"/>
    <subimage name="title" x="1" y="205" width="664" height="62"/>
    <subimage name="inventoryBox-spr1" x="1" y="269" width="459" height="154"/>
    <subimage name="inventorySlider-spr1" x="462" y="269" width="403" height="28"/>
    <subimage name="sliderA-spr3" x="462" y="299" width="385" height="73"/>
    <subimage name="sliderC-spr6" x="1" y="425" width="302" height="73"/>
    <subimage name="barA-spr1" x="305" y="425" width="278" height="29"/>
    <subimage name="barA-spr3" x="305" y="456" width="278" height="29"/>
    <subimage name="barA-spr2" x="585" y="456" width="273" height="23"/>
    <subimage name="sliderD-spr3" x="1" y="500" width="266" height="83"/>
    <subimage name="sliderA-spr1" x="269" y="500" width="264" height="14"/>
    <subimage name="textBoxSlider-spr1" x="1" y="585" width="34" height="252"/>
    <subimage name="buttonMenu-spr1-jfr1" x="37" y="585" width="249" height="43"/>
    <subimage name="buttonMenu-spr1-jfr2" x="37" y="630" width="249" height="43"/>
    <subimage name="sliderD-spr1" x="37" y="675" width="231" height="11"/>
    <subimage name="buttonB" x="37" y="688" width="220" height="65"/>
    <subimage name="buttonA-spr1" x="37" y="755" width="212" height="54"/>
    <subimage name="buttonA-spr2" x="251" y="755" width="212" height="54"/>
    <subimage name="buttonA-spr3" x="465" y="755" width="212" height="54"/>
    <subimage name="sliderC-spr1" x="679" y="755" width="210" height="42"/>
    <subimage name="enterTextBox-spr1-jfr2" x="259" y="688" width="191" height="41"/>
    <subimage name="enterTextBox-spr1-jfr1" x="452" y="688" width="191" height="41"/>
    <subimage name="sliderB-spr3" x="899" y="1" width="78" height="183"/>
    <subimage name="header_background" x="979" y="1" width="165" height="165"/>
    <subimage name="sliderC-spr7" x="979" y="168" width="152" height="73"/>
    <subimage name="sliderB-spr1" x="899" y="186" width="16" height="151"/>
    <subimage name="barB-jfr1" x="269" y="516" width="130" height="59"/>
    <subimage name="barB-jfr10" x="401" y="516" width="130" height="59"/>
    <subimage name="barB-jfr11" x="533" y="516" width="130" height="59"/>
    <subimage name="barB-jfr12" x="665" y="516" width="130" height="59"/>
    <subimage name="barB-jfr13" x="667" y="205" width="130" height="59"/>
    <subimage name="barB-jfr14" x="979" y="243" width="130" height="59"/>
    <subimage name="barB-jfr15" x="979" y="304" width="130" height="59"/>
    <subimage name="barB-jfr16" x="979" y="365" width="130" height="59"/>
    <subimage name="barB-jfr17" x="979" y="426" width="130" height="59"/>
    <subimage name="barB-jfr2" x="979" y="487" width="130" height="59"/>
    <subimage name="barB-jfr4" x="979" y="548" width="130" height="59"/>
    <subimage name="barB-jfr5" x="979" y="609" width="130" height="59"/>
    <subimage name="barB-jfr6" x="979" y="670" width="130" height="59"/>
    <subimage name="barB-jfr7" x="979" y="731" width="130" height="59"/>
    <subimage name="barB-jfr8" x="1" y="839" width="130" height="59"/>
    <subimage name="barB-jfr9" x="133" y="839" width="130" height="59"/>
    <subimage name="barB-jfr3" x="265" y="839" width="130" height="59"/>
    <subimage name="barC-jfr1" x="899" y="339" width="68" height="113"/>
    <subimage name="barC-jfr10" x="899" y="454" width="68" height="113"/>
    <subimage name="barC-jfr11" x="899" y="569" width="68" height="113"/>
    <subimage name="barC-jfr12" x="899" y="684" width="68" height="113"/>
    <subimage name="barC-jfr13" x="1" y="900" width="68" height="113"/>
    <subimage name="barC-jfr14" x="71" y="900" width="68" height="113"/>
    <subimage name="barC-jfr15" x="141" y="900" width="68" height="113"/>
    <subimage name="barC-jfr16" x="211" y="900" width="68" height="113"/>
    <subimage name="barC-jfr17" x="281" y="900" width="68" height="113"/>
    <subimage name="barC-jfr18" x="351" y="900" width="68" height="113"/>
    <subimage name="barC-jfr19" x="421" y="900" width="68" height="113"/>
    <subimage name="barC-jfr2" x="491" y="900" width="68" height="113"/>
    <subimage name="barC-jfr5" x="561" y="900" width="68" height="113"/>
    <subimage name="barC-jfr6" x="631" y="900" width="68" height="113"/>
    <subimage name="barC-jfr8" x="701" y="900" width="68" height="113"/>
    <subimage name="barC-jfr3" x="771" y="900" width="68" height="113"/>
    <subimage name="barC-jfr7" x="841" y="900" width="68" height="113"/>
    <subimage name="barC-jfr9" x="911" y="900" width="68" height="113"/>
    <subimage name="barC-jfr20" x="981" y="900" width="68" height="113"/>
    <subimage name="barC-jfr4" x="1051" y="900" width="68" height="113"/>
    <subimage name="buttonC-spr1" x="1" y="1015" width="95" height="95"/>
    <subimage name="buttonC-spr2-jfr1" x="98" y="1015" width="95" height="95"/>
    <subimage name="buttonC-spr2-jfr2" x="195" y="1015" width="95" height="95"/>
    <subimage name="inventorySlot-spr1-jfr1" x="292" y="1015" width="75" height="75"/>
    <subimage name="inventorySlot-spr1-jfr2" x="369" y="1015" width="75" height="75"/>
    <subimage name="inventorySlot-spr1-jfr3" x="446" y="1015" width="75" height="75"/>
    <subimage name="sliderA-spr2" x="523" y="1015" width="39" height="64"/>
    <subimage name="sliderC-spr5" x="564" y="1015" width="60" height="42"/>
    <subimage name="buttonCheckBox-spr2" x="397" y="839" width="53" height="51"/>
    <subimage name="cursor" x="452" y="839" width="50" height="50"/>
    <subimage name="sliderB-spr2-jfr2" x="504" y="839" width="49" height="49"/>
    <subimage name="sliderB-spr2-jfr1" x="555" y="839" width="49" height="49"/>
    <subimage name="sliderD-spr2" x="606" y="839" width="30" height="49"/>
    <subimage name="buttonRadioBox-spr2" x="638" y="839" width="46" height="46"/>
    <subimage name="buttonCheckBox-spr1-jfr1" x="626" y="1015" width="43" height="41"/>
    <subimage name="buttonCheckBox-spr1-jfr2" x="671" y="1015" width="43" height="41"/>
    <subimage name="sliderC-spr2-jfr1" x="716" y="1015" width="43" height="35"/>
    <subimage name="sliderC-spr2-jfr2" x="761" y="1015" width="43" height="35"/>
    <subimage name="sliderC-spr4-jfr2" x="686" y="839" width="28" height="42"/>
    <subimage name="sliderC-spr3-jfr1" x="716" y="839" width="28" height="42"/>
    <subimage name="sliderC-spr3-jfr2" x="746" y="839" width="28" height="42"/>
    <subimage name="sliderC-spr3-jfr3" x="776" y="839" width="28" height="42"/>
    <subimage name="sliderC-spr4-jfr1" x="806" y="839" width="28" height="42"/>
    <subimage name="sliderC-spr4-jfr3" x="836" y="839" width="28" height="42"/>
    <subimage name="dialogBox_buttonDown-jfr1" x="1121" y="900" width="23" height="39"/>
    <subimage name="dialogBox_buttonDown-jfr2" x="1121" y="941" width="23" height="39"/>
    <subimage name="dialogBox_buttonDown-jfr3" x="866" y="839" width="23" height="39"/>
    <subimage name="dialogBox_buttonUp-jfr1" x="891" y="839" width="23" height="39"/>
    <subimage name="dialogBox_buttonUp-jfr2" x="916" y="839" width="23" height="39"/>
    <subimage name="dialogBox_buttonUp-jfr3" x="941" y="839" width="23" height="39"/>
    <subimage name="buttonRadioBox-spr1-jfr2" x="966" y="839" width="38" height="38"/>
    <subimage name="buttonRadioBox-spr1-jfr1" x="1006" y="839" width="38" height="38"/>
    <subimage name="textBoxSlider-spr3-jfr1" x="806" y="1015" width="34" height="34"/>
    <subimage name="textBoxSlider-spr3-jfr2" x="842" y="1015" width="34" height="34"/>
    <subimage name="textBoxSlider-spr4-jfr1" x="878" y="1015" width="34" height="34"/>
    <subimage name="textBoxSlider-spr4-jfr2" x="914" y="1015" width="34" height="34"/>
    <subimage name="inventorySlider-spr2-jfr2" x="950" y="1015" width="34" height="26"/>
    <subimage name="inventorySlider-spr2-jfr1" x="986" y="1015" width="34" height="26"/>
    <subimage name="textBoxSlider-spr2-jfr1" x="1046" y="839" width="26" height="33"/>
    <subimage name="textBoxSlider-spr2-jfr2" x="1074" y="839" width="26" height="33"/>
    <subimage name="inventorySlider-spr3-jfr2" x="1102" y="839" width="28" height="28"/>
    <subimage name="inventorySlider-spr3-jfr3" x="645" y="688" width="28" height="28"/>
    <subimage name="inventorySlider-spr4-jfr1" x="675" y="688" width="28" height="28"/>
    <subimage name="inventorySlider-spr4-jfr2" x="705" y="688" width="28" height="28"/>
    <subimage name="inventorySlider-spr4-jfr3" x="735" y="688" width="28" height="28"/>
    <subimage name="inventorySlider-spr3-jfr1" x="765" y="688" width="28" height="28"/>
</spriteSheetImage>
