<?xml version="1.0" encoding="UTF-8"?>
<spriteSheetImage>
    <subimage name="head_Conan" x="1" y="1" width="234" height="196"/>
    <subimage name="head_Yasmina" x="237" y="1" width="234" height="196"/>
    <subimage name="item_bag" x="1" y="199" width="75" height="75"/>
    <subimage name="item_blackPotion" x="78" y="199" width="75" height="75"/>
    <subimage name="item_bracelet" x="155" y="199" width="75" height="75"/>
    <subimage name="item_crystalCyan" x="232" y="199" width="75" height="75"/>
    <subimage name="item_crystalViolet" x="309" y="199" width="75" height="75"/>
    <subimage name="item_greenPotion" x="386" y="199" width="75" height="75"/>
    <subimage name="item_helmet" x="1" y="276" width="75" height="75"/>
    <subimage name="item_knife" x="78" y="276" width="75" height="75"/>
    <subimage name="item_necklace" x="155" y="276" width="75" height="75"/>
    <subimage name="item_redPotion" x="232" y="276" width="75" height="75"/>
    <subimage name="item_ringBlue" x="309" y="276" width="75" height="75"/>
    <subimage name="item_ringPlain" x="386" y="276" width="75" height="75"/>
    <subimage name="item_ringRed" x="1" y="353" width="75" height="75"/>
    <subimage name="item_scroll" x="78" y="353" width="75" height="75"/>
    <subimage name="item_shurikan" x="155" y="353" width="75" height="75"/>
    <subimage name="item_sword" x="232" y="353" width="75" height="75"/>
    <subimage name="item_vase" x="309" y="353" width="75" height="75"/>
</spriteSheetImage>
