<?xml version="1.0" encoding="UTF-8"?>
<imageExtraData>
    <subimage name="textBox_background">
        <singlePoint points="(3,3)" dataFlags="1" probe="true"/>
    </subimage>
    <subimage name="inventoryBox-spr1" handlePoint="0,0"/>
    <subimage name="inventorySlider-spr1" handlePoint="0,0">
        <singlePoint points="(17,13)" dataFlags="1" probe="true"/>
        <singlePoint points="(386,13)" dataFlags="2" probe="true"/>
    </subimage>
    <subimage name="barA-spr1">
        <rectangle points="(0,0);(278,0);(278,29);(0,29)"/>
    </subimage>
    <subimage name="barA-spr2" handlePoint="0,0"/>
    <subimage name="sliderA-spr1">
        <singlePoint points="(6,6)" dataFlags="1" probe="true"/>
        <singlePoint points="(258,6)" dataFlags="2" probe="true"/>
    </subimage>
    <subimage name="textBoxSlider-spr1">
        <singlePoint points="(17,19)" dataFlags="1" probe="true"/>
        <singlePoint points="(17,233)" dataFlags="2" probe="true"/>
    </subimage>
    <subimage name="buttonMenu-spr1-jfr1">
        <rectangle points="(4,3);(234,3);(234,40);(4,40)"/>
    </subimage>
    <subimage name="buttonMenu-spr1-jfr2">
        <rectangle points="(4,3);(234,3);(234,40);(4,40)"/>
    </subimage>
    <subimage name="sliderD-spr1">
        <singlePoint points="(6,5)" dataFlags="1" probe="true"/>
        <singlePoint points="(224,5)" dataFlags="2" probe="true"/>
    </subimage>
    <subimage name="buttonB">
        <rectangle points="(0,0);(220,0);(220,65);(0,65)"/>
    </subimage>
    <subimage name="buttonA-spr1">
        <rectangle points="(5,3);(207,3);(207,50);(5,50)"/>
    </subimage>
    <subimage name="sliderC-spr1">
        <singlePoint points="(20,21)" dataFlags="1" probe="true"/>
        <singlePoint points="(190,21)" dataFlags="2" probe="true"/>
    </subimage>
    <subimage name="enterTextBox-spr1-jfr1">
        <rectangle points="(0,0);(191,0);(191,41);(0,41)"/>
    </subimage>
    <subimage name="enterTextBox-spr1-jfr2">
        <rectangle points="(0,0);(191,0);(191,41);(0,41)"/>
    </subimage>
    <subimage name="header_background" handlePoint="0,0"/>
    <subimage name="sliderB-spr1">
        <singlePoint points="(8,8)" dataFlags="2" probe="true"/>
        <singlePoint points="(8,142)" dataFlags="1" probe="true"/>
    </subimage>
    <subimage name="barB-jfr1">
        <rectangle points="(0,0);(130,0);(130,59);(0,59)"/>
    </subimage>
    <subimage name="barB-jfr2">
        <rectangle points="(0,0);(130,0);(130,59);(0,59)"/>
    </subimage>
    <subimage name="barB-jfr3">
        <rectangle points="(0,0);(130,0);(130,59);(0,59)"/>
    </subimage>
    <subimage name="barB-jfr4">
        <rectangle points="(0,0);(130,0);(130,59);(0,59)"/>
    </subimage>
    <subimage name="barB-jfr5">
        <rectangle points="(0,0);(130,0);(130,59);(0,59)"/>
    </subimage>
    <subimage name="barB-jfr6">
        <rectangle points="(0,0);(130,0);(130,59);(0,59)"/>
    </subimage>
    <subimage name="barB-jfr7">
        <rectangle points="(0,0);(130,0);(130,59);(0,59)"/>
    </subimage>
    <subimage name="barB-jfr8">
        <rectangle points="(0,0);(130,0);(130,59);(0,59)"/>
    </subimage>
    <subimage name="barB-jfr9">
        <rectangle points="(0,0);(130,0);(130,59);(0,59)"/>
    </subimage>
    <subimage name="barB-jfr10">
        <rectangle points="(0,0);(130,0);(130,59);(0,59)"/>
    </subimage>
    <subimage name="barB-jfr11">
        <rectangle points="(0,0);(130,0);(130,59);(0,59)"/>
    </subimage>
    <subimage name="barB-jfr12">
        <rectangle points="(0,0);(130,0);(130,59);(0,59)"/>
    </subimage>
    <subimage name="barB-jfr13">
        <rectangle points="(0,0);(130,0);(130,59);(0,59)"/>
    </subimage>
    <subimage name="barB-jfr14">
        <rectangle points="(0,0);(130,0);(130,59);(0,59)"/>
    </subimage>
    <subimage name="barB-jfr15">
        <rectangle points="(0,0);(130,0);(130,59);(0,59)"/>
    </subimage>
    <subimage name="barB-jfr16">
        <rectangle points="(0,0);(130,0);(130,59);(0,59)"/>
    </subimage>
    <subimage name="barB-jfr17">
        <rectangle points="(0,0);(130,0);(130,59);(0,59)"/>
    </subimage>
    <subimage name="barC-jfr1">
        <rectangle points="(4,2);(63,2);(63,109);(4,109)"/>
    </subimage>
    <subimage name="barC-jfr2">
        <rectangle points="(4,2);(63,2);(63,109);(4,109)"/>
    </subimage>
    <subimage name="barC-jfr3">
        <rectangle points="(4,2);(63,2);(63,109);(4,109)"/>
    </subimage>
    <subimage name="barC-jfr4">
        <rectangle points="(4,2);(63,2);(63,109);(4,109)"/>
    </subimage>
    <subimage name="barC-jfr5">
        <rectangle points="(4,2);(63,2);(63,109);(4,109)"/>
    </subimage>
    <subimage name="barC-jfr6">
        <rectangle points="(4,2);(63,2);(63,109);(4,109)"/>
    </subimage>
    <subimage name="barC-jfr7">
        <rectangle points="(4,2);(63,2);(63,109);(4,109)"/>
    </subimage>
    <subimage name="barC-jfr8">
        <rectangle points="(4,2);(63,2);(63,109);(4,109)"/>
    </subimage>
    <subimage name="barC-jfr9">
        <rectangle points="(4,2);(63,2);(63,109);(4,109)"/>
    </subimage>
    <subimage name="barC-jfr10">
        <rectangle points="(4,2);(63,2);(63,109);(4,109)"/>
    </subimage>
    <subimage name="barC-jfr11">
        <rectangle points="(4,2);(63,2);(63,109);(4,109)"/>
    </subimage>
    <subimage name="barC-jfr12">
        <rectangle points="(4,2);(63,2);(63,109);(4,109)"/>
    </subimage>
    <subimage name="barC-jfr13">
        <rectangle points="(4,2);(63,2);(63,109);(4,109)"/>
    </subimage>
    <subimage name="barC-jfr14">
        <rectangle points="(4,2);(63,2);(63,109);(4,109)"/>
    </subimage>
    <subimage name="barC-jfr15">
        <rectangle points="(4,2);(63,2);(63,109);(4,109)"/>
    </subimage>
    <subimage name="barC-jfr16">
        <rectangle points="(4,2);(63,2);(63,109);(4,109)"/>
    </subimage>
    <subimage name="barC-jfr17">
        <rectangle points="(4,2);(63,2);(63,109);(4,109)"/>
    </subimage>
    <subimage name="barC-jfr18">
        <rectangle points="(4,2);(63,2);(63,109);(4,109)"/>
    </subimage>
    <subimage name="barC-jfr19">
        <rectangle points="(4,2);(63,2);(63,109);(4,109)"/>
    </subimage>
    <subimage name="barC-jfr20">
        <rectangle points="(4,2);(63,2);(63,109);(4,109)"/>
    </subimage>
    <subimage name="buttonC-spr2-jfr1">
        <ellipse points="(47,47);(47,16);(78,47);(47,78);(16,47)"/>
    </subimage>
    <subimage name="buttonC-spr2-jfr2">
        <ellipse points="(47,47);(47,16);(78,47);(47,78);(16,47)"/>
    </subimage>
    <subimage name="inventorySlot-spr1-jfr1" handlePoint="0,0">
        <rectangle points="(1,1);(74,1);(74,74);(1,74)"/>
        <singlePoint points="(37,37)" dataFlags="1" probe="true"/>
        <singlePoint points="(57,62)" dataFlags="2" probe="true"/>
    </subimage>
    <subimage name="inventorySlot-spr1-jfr2" handlePoint="0,0">
        <rectangle points="(1,1);(74,1);(74,74);(1,74)"/>
    </subimage>
    <subimage name="inventorySlot-spr1-jfr3" handlePoint="0,0">
        <rectangle points="(1,1);(74,1);(74,74);(1,74)"/>
    </subimage>
    <subimage name="sliderA-spr2" handlePoint="17,30">
        <rectangle points="(2,2);(34,2);(34,59);(2,59)"/>
    </subimage>
    <subimage name="cursor" handlePoint="3,4"/>
    <subimage name="sliderB-spr2-jfr1" handlePoint="22,22">
        <ellipse points="(22,21);(22,0);(43,21);(22,42);(1,21)"/>
    </subimage>
    <subimage name="sliderB-spr2-jfr2" handlePoint="22,22">
        <ellipse points="(22,21);(22,0);(43,21);(22,42);(1,21)"/>
    </subimage>
    <subimage name="sliderD-spr2">
        <rectangle points="(2,0);(25,0);(25,44);(2,44)"/>
    </subimage>
    <subimage name="buttonCheckBox-spr1-jfr1">
        <rectangle points="(0,0);(43,0);(43,41);(0,41)"/>
    </subimage>
    <subimage name="buttonCheckBox-spr1-jfr2">
        <rectangle points="(0,0);(43,0);(43,41);(0,41)"/>
    </subimage>
    <subimage name="sliderC-spr2-jfr1">
        <rectangle points="(0,0);(43,0);(43,35);(0,35)"/>
    </subimage>
    <subimage name="sliderC-spr2-jfr2">
        <rectangle points="(0,0);(43,0);(43,35);(0,35)"/>
    </subimage>
    <subimage name="sliderC-spr4-jfr1">
        <rectangle points="(0,0);(28,0);(28,42);(0,42)"/>
    </subimage>
    <subimage name="sliderC-spr4-jfr2">
        <rectangle points="(0,0);(28,0);(28,42);(0,42)"/>
    </subimage>
    <subimage name="sliderC-spr4-jfr3">
        <rectangle points="(0,0);(28,0);(28,42);(0,42)"/>
    </subimage>
    <subimage name="sliderC-spr3-jfr1">
        <rectangle points="(0,0);(28,0);(28,42);(0,42)"/>
    </subimage>
    <subimage name="sliderC-spr3-jfr2">
        <rectangle points="(0,0);(28,0);(28,42);(0,42)"/>
    </subimage>
    <subimage name="sliderC-spr3-jfr3">
        <rectangle points="(0,0);(28,0);(28,42);(0,42)"/>
    </subimage>
    <subimage name="dialogBox_buttonDown-jfr1">
        <rectangle points="(0,0);(23,0);(23,39);(0,39)"/>
    </subimage>
    <subimage name="dialogBox_buttonDown-jfr2">
        <rectangle points="(0,0);(23,0);(23,39);(0,39)"/>
    </subimage>
    <subimage name="dialogBox_buttonDown-jfr3">
        <rectangle points="(0,0);(23,0);(23,39);(0,39)"/>
    </subimage>
    <subimage name="dialogBox_buttonUp-jfr1">
        <rectangle points="(0,0);(23,0);(23,39);(0,39)"/>
    </subimage>
    <subimage name="dialogBox_buttonUp-jfr2">
        <rectangle points="(0,0);(23,0);(23,39);(0,39)"/>
    </subimage>
    <subimage name="dialogBox_buttonUp-jfr3">
        <rectangle points="(0,0);(23,0);(23,39);(0,39)"/>
    </subimage>
    <subimage name="buttonRadioBox-spr1-jfr1">
        <ellipse points="(19,19);(19,2);(36,19);(19,36);(2,19)"/>
    </subimage>
    <subimage name="buttonRadioBox-spr1-jfr2">
        <ellipse points="(19,19);(19,2);(36,19);(19,36);(2,19)"/>
    </subimage>
    <subimage name="textBoxSlider-spr3-jfr1">
        <rectangle points="(0,0);(34,0);(34,34);(0,34)"/>
    </subimage>
    <subimage name="textBoxSlider-spr3-jfr2">
        <rectangle points="(0,0);(34,0);(34,34);(0,34)"/>
    </subimage>
    <subimage name="textBoxSlider-spr4-jfr1">
        <rectangle points="(0,0);(34,0);(34,34);(0,34)"/>
    </subimage>
    <subimage name="textBoxSlider-spr4-jfr2">
        <rectangle points="(0,0);(34,0);(34,34);(0,34)"/>
    </subimage>
    <subimage name="inventorySlider-spr2-jfr1">
        <rectangle points="(0,0);(34,0);(34,26);(0,26)"/>
    </subimage>
    <subimage name="inventorySlider-spr2-jfr2">
        <rectangle points="(0,0);(34,0);(34,26);(0,26)"/>
    </subimage>
    <subimage name="textBoxSlider-spr2-jfr1">
        <rectangle points="(0,0);(26,0);(26,33);(0,33)"/>
    </subimage>
    <subimage name="textBoxSlider-spr2-jfr2">
        <rectangle points="(0,0);(26,0);(26,33);(0,33)"/>
    </subimage>
    <subimage name="inventorySlider-spr3-jfr1" handlePoint="0,0">
        <rectangle points="(0,0);(28,0);(28,28);(0,28)"/>
    </subimage>
    <subimage name="inventorySlider-spr3-jfr2" handlePoint="0,0">
        <rectangle points="(0,0);(28,0);(28,28);(0,28)"/>
    </subimage>
    <subimage name="inventorySlider-spr3-jfr3" handlePoint="0,0">
        <rectangle points="(0,0);(28,0);(28,28);(0,28)"/>
    </subimage>
    <subimage name="inventorySlider-spr4-jfr1" handlePoint="0,0">
        <rectangle points="(0,0);(28,0);(28,28);(0,28)"/>
    </subimage>
    <subimage name="inventorySlider-spr4-jfr2" handlePoint="0,0">
        <rectangle points="(0,0);(28,0);(28,28);(0,28)"/>
    </subimage>
    <subimage name="inventorySlider-spr4-jfr3" handlePoint="0,0">
        <rectangle points="(0,0);(28,0);(28,28);(0,28)"/>
    </subimage>
</imageExtraData>
